{
	"info": {
		"_postman_id": "cb853ebb-4413-4de2-85fc-15a893ac4355",
		"name": "Ayudantia",
		"schema": "https://schema.getpostman.com/json/collection/v2.1.0/collection.json"
	},
	"item": [
		{
			"name": "Get Users",
			"request": {
				"method": "GET",
				"header": [],
				"body": {
					"mode": "raw",
					"raw": ""
				},
				"url": {
					"raw": "localhost:5000/users",
					"host": [
						"localhost"
					],
					"port": "5000",
					"path": [
						"users"
					]
				}
			},
			"response": []
		},
		{
			"name": "Get User",
			"request": {
				"method": "GET",
				"header": [],
				"body": {
					"mode": "raw",
					"raw": ""
				},
				"url": {
					"raw": "localhost:5000/users/3",
					"host": [
						"localhost"
					],
					"port": "5000",
					"path": [
						"users",
						"3"
					]
				}
			},
			"response": []
		},
		{
			"name": "Get Plot",
			"request": {
				"method": "GET",
				"header": [],
				"body": {
					"mode": "raw",
					"raw": ""
				},
				"url": {
					"raw": "localhost:5000/plot",
					"host": [
						"localhost"
					],
					"port": "5000",
					"path": [
						"plot"
					]
				}
			},
			"response": []
		},
		{
			"name": "Delete User",
			"request": {
				"method": "DELETE",
				"header": [],
				"body": {
					"mode": "raw",
					"raw": ""
				},
				"url": {
					"raw": "localhost:5000/users/3",
					"host": [
						"localhost"
					],
					"port": "5000",
					"path": [
						"users",
						"3"
					]
				}
			},
			"response": []
		},
		{
			"name": "Create User",
			"request": {
				"method": "POST",
				"header": [
					{
						"key": "Content-Type",
						"name": "Content-Type",
						"value": "application/json",
						"type": "text"
					}
				],
				"body": {
					"mode": "raw",
					"raw": "{\n\t\"name\": \"Nicolas\", \n\t\"last_name\": \"Quiroz\", \n\t\"occupation\": \"estudiante\", \n\t\"follows\": [1,2,3], \n\t\"age\": 23\n}"
				},
				"url": {
					"raw": "localhost:5000/users",
					"host": [
						"localhost"
					],
					"port": "5000",
					"path": [
						"users"
					]
				}
			},
			"response": []
		},
		{
			"name": "Delete Many Users",
			"request": {
				"method": "DELETE",
				"header": [
					{
						"key": "Content-Type",
						"name": "Content-Type",
						"value": "application/json",
						"type": "text"
					}
				],
				"body": {
					"mode": "raw",
					"raw": "{\n\t\"uidBulk\":[1,2]\n}"
				},
				"url": {
					"raw": "localhost:5000/users/many",
					"host": [
						"localhost"
					],
					"port": "5000",
					"path": [
						"users",
						"many"
					]
				}
			},
			"response": []
		},
		{
			"name": "Test Parameters",
			"protocolProfileBehavior": {
				"disableBodyPruning": true
			},
			"request": {
				"method": "GET",
				"header": [
					{
						"key": "name",
						"value": "Kevin",
						"type": "text"
					}
				],
				"body": {
					"mode": "raw",
					"raw": "hola soy el body"
				},
				"url": {
					"raw": "localhost:5000/test?name=Kevin",
					"host": [
						"localhost"
					],
					"port": "5000",
					"path": [
						"test"
					],
					"query": [
						{
							"key": "name",
							"value": "Kevin"
						}
					]
				}
			},
			"response": []
		}
	]
}